<?xml version="1.0" encoding="UTF-8"?>
<!DOCTYPE mapper
PUBLIC "-//mybatis.org//DTD Mapper 3.0//EN" 
"http://mybatis.org/dtd/mybatis-3-mapper.dtd">
<mapper namespace="com.booking.dao.RsvDao">
<insert id="RsvInsert">
INSERT INTO reservation (userid,username, selectedSeats, totalAmount, mt20id, showdate, location, time, title)
VALUES (#{userid}, #{username},#{selectedSeats},#{totalAmount}, #{mt20id}, #{showdate}, #{location}, #{time}, #{title})
</insert>

<select id="getRsvId" resultType="com.booking.dto.RsvDto">
select * from reservation where userid=#{userid}
</select>

<!-- <select id="RsvSeats" resultType="com.booking.dto.RsvDto">
select * from reservation where mt20id=#{mt20id} and time=#{time} and showdate=${showdate}
</select> -->

<delete id="deleteRsv">
	delete from reservation where userid=#{param1} and selectedSeats=#{param2} and mt20id=#{param3}
</delete>
</mapper>