<?xml version="1.0" encoding="UTF-8"?>
<!DOCTYPE mapper
PUBLIC "-//mybatis.org//DTD Mapper 3.0//EN" 
"http://mybatis.org/dtd/mybatis-3-mapper.dtd">
<mapper namespace="com.booking.dao.RsvDao">
<insert id="RsvInsert">
INSERT INTO reservation (userid,re_username, re_selectedSeats, re_totalAmount, re_mt20id, re_showdate, re_location, re_time, re_title)
VALUES (#{userid}, #{re_username},#{re_selectedSeats},#{re_totalAmount}, #{re_mt20id}, #{re_showdate}, #{re_location}, #{re_time}, #{re_title})
</insert>

<select id="getRsvId" resultType="com.booking.dto.RsvDto">
select * from reservation where userid=#{userid}
</select>

 <select id="RsvSeats" resultType="String">
select re_selectedSeats from reservation where re_mt20id=#{param1} and re_time=#{param2} and re_showdate=#{param3}
</select> 

<delete id="deleteRsv">
	delete from reservation where userid=#{param1} and re_selectedSeats=#{param2} and re_mt20id=#{param3}
</delete>
</mapper>