<?xml version="1.0" encoding="UTF-8"?>
<beans:beans
	xmlns:beans="http://www.springframework.org/schema/beans"
	xmlns:xsi="http://www.w3.org/2001/XMLSchema-instance"
	xmlns="http://www.springframework.org/schema/security"
	xsi:schemaLocation="http://www.springframework.org/schema/security http://www.springframework.org/schema/security/spring-security.xsd
		http://www.springframework.org/schema/beans http://www.springframework.org/schema/beans/spring-beans.xsd">
	<beans:bean id="loginSuccess"
		class="com.booking.handler.LoginRedirectHandler" />
	<http use-expressions="true">
		<intercept-url pattern="/**" access="permitAll" />

		<form-login login-page="/user/login"
			authentication-success-handler-ref="loginSuccess"
			default-target-url="/**" authentication-failure-url="/user/login"
			username-parameter="username" password-parameter="password" />
		 <logout logout-url="/user/logout" invalidate-session="true" /> 
		<!--해댕주소로오면 session이 지워지고 로그아웃이 진행됨 -->
		<!-- <access-denied-handler error-page="/user/error" /> -->
	</http>
	<!-- <authentication-manager>
		<authentication-provider>
			<user-service>
				<user name="admin" password="1234"
					authorities="ROLE_ADMIN" />
				<user name="user" password="1234" authorities="ROLE_USER" />
			</user-service>
		</authentication-provider>
	</authentication-manager> -->
		<!-- provider -->
<authentication-manager>
    <authentication-provider>
        <jdbc-user-service data-source-ref="dataSource"
            users-by-username-query="select username, password,1 from users where username = ?"
            authorities-by-username-query="select username, authority from authorities where username = ?" />
    </authentication-provider>
</authentication-manager> 
</beans:beans>